{"cameraMode":{"drawMode":0,"name":"Shaded","section":"Shading Mode"},"sceneLighting":false,"audioPlay":false,"sceneViewState":{"showFog":true,"showMaterialUpdate":false,"showSkybox":true,"showFlares":true,"showImageEffects":true,"showParticleSystems":true},"in2DMode":false,"pivot":{"x":8.641489028930664,"y":22.26923179626465,"z":7.829155921936035},"rotation":{"x":-0.15215611457824708,"y":0.8427411317825317,"z":-0.41210249066352847,"w":-0.31116288900375368},"size":22.0,"orthographic":false}